<addon id="plugin.video.internetarchive" name="Internet Archive Movies" version="1.0.0" provider-name="coolitis">
    <requires>
        <import addon="xbmc.python" version="3.0.0"/>
    </requires>
    <extension point="xbmc.python.pluginsource" library="default.py">
        <provides>video</provides>
    </extension>
    <extension point="xbmc.addon.metadata">
        <summary lang="en">Public domain movies from Internet Archive</summary>
        <platform>all</platform>
    </extension>
</addon>
